id_client,prenom,nom,email,ville,pays,date_inscription,telephone
1,Yao,Kone,yao.kone1@gmail.com,Dakar,Sénégal,22/03/2023,+225 749499059
2,Fatou,ADOU,FATOU.ADOU2@GMAIL.COM,Paris,France,2024-01-25,+225 817735107
3,Marie,Sangare,marie.sangare3@gmail.com,Paris,France,2024-09-19,+225 218475961
4,Ibrahim,GBAGBO,ibrahim.gbagbo4@yahoo.fr,Dakar,SN,04-18-2024,+225 976217712
5,Yao,SORO,yao.soro5@outlook.com,Dakar,SN,2024-11-16,+225 780745786
6,Mariam,Ouattara,mariam.ouattara6@yahoo.fr,Lyon,FR,06/04/2024,+225 285577339
7,Fatou,Traore,fatou.traore7@yahoo.fr,Yamoussoukro,Côte d'Ivoire,02-10-2024,+225 543371821
8,Nadia,Soro,nadia.soro8@yahoo.fr,Bouaké,CI,14/06/2023,+225 980341070
9,Fatou,Beda,fatou.beda9@outlook.com,Bouaké,CI,2024-08-02,+225 484048544
10,Didier,Toure,didier.toure10@gmail.com,Dakar,SN,2024-05-05,+225 450541359
11,Marie,Adou,marie.adou11@gmail.com,Dakar,SN,2023-07-24,+225 159912630
12,Adjoua,Yao,adjoua.yao12@outlook.com,Yamoussoukro,Côte d'Ivoire,2025-03-10,+225 187246215
13,Mariam,SORO,mariam.soro13@gmail.com,Yamoussoukro,Côte d'Ivoire,2025-01-14,
14,Ibrahim,Gbagbo,ibrahim.gbagbo14@gmail.com,Bamako,Mali,2023-09-07,+225 624870616
15,Didier,Kone,didier.kone15@outlook.com,Abidjan,cote d'ivoire,13/11/2024,+225 741907336
16,Moussa,Gbagbo,MOUSSA.GBAGBO16@YAHOO.FR,Bouaké,CI,03/03/2023,+225 950111873
17,Ibrahim,DOUMBIA,ibrahim.doumbia17@outlook.com,Abidjan,cote d'ivoire,14/03/2025,+225 780054513
18,Ibrahim,Sangare,ibrahim.sangare18@gmail.com,Lyon,FR,2024-11-14,
19,Moussa,Toure,moussa.toure19@gmail.com,Abidjan,Côte d'Ivoire,06-25-2023,
20,Fatou,Sangare,fatou.sangare20@gmail.com,Bouaké,CI,11-24-2023,
21,Eric,Gbagbo,eric.gbagbo21@outlook.com,Yamoussoukro,Côte d'Ivoire,25/02/2024,+225 513942338
22,Koffi,Fofana,KOFFI.FOFANA22@YAHOO.FR,Lyon,FR,2024-05-06,+225 276903830
23,Jean,Adou,JEAN.ADOU23@GMAIL.COM,Yamoussoukro,Côte d'Ivoire,06/09/2024,+225 977028593
24,Aya,Ouattara,aya.ouattara24@gmail.com,Lyon,FR,2023-11-26,+225 946976531
25,Salimata,ADOU,salimata.adou25@gmail.com,Paris,france,21/10/2023,
26,Serge,Soro,serge.soro26@yahoo.fr,Paris,France,25/03/2025,+225 416870886
27,Yao,TRAORE,yao.traore27@outlook.com,Paris,France,02-27-2024,+225 827052422
28,Nadia,Yao,nadia.yao28@gmail.com,Paris,France,2024-02-21,+225 271783038
29,Didier,Diabate,didier.diabate29@outlook.com,Abidjan,Côte d'Ivoire,04/03/2024,+225 330421841
30,Jean,COULIBALY,jean.coulibaly30@yahoo.fr,Paris,France,05-23-2024,+225 794627547
31,Awa,Konan,awa.konan31@yahoo.fr,Dakar,Sénégal,29/01/2024,+225 284941036
32,Paul,YAO,paul.yao32@yahoo.fr,Yamoussoukro,Côte d'Ivoire,2024-07-20,+225 718750396
33,Aya,TRAORE,aya.traore33@outlook.com,Abidjan,Côte d'Ivoire,10-09-2023,+225 784903381
34,Chantal,OUATTARA,chantal.ouattara34@gmail.com,Bouaké,CI,27/01/2024,+225 885752267
35,Salimata,Toure,SALIMATA.TOURE35@OUTLOOK.COM,Bamako,Mali,2023-12-15,+225 935949529
36,Aya,N'Guessan,aya.n'guessan36@outlook.com,Yamoussoukro,Côte d'Ivoire,2023-08-04,+225 767308563
37,Moussa,FOFANA,MOUSSA.FOFANA37@GMAIL.COM,Dakar,SN,06/05/2023,+225 882440919
38,Didier,Bamba,DIDIER.BAMBA38@YAHOO.FR,Lyon,FR,2023-01-07,
39,Moussa,Coulibaly,moussa.coulibaly39@outlook.com,Paris,france,18/12/2024,+225 880232787
40,Awa,Sangare,AWA.SANGARE40@OUTLOOK.COM,Dakar,Sénégal,08-21-2024,+225 573464883
41,Didier,Yao,didier.yao41@yahoo.fr,Dakar,Sénégal,07/09/2023,+225 860008225
42,Adjoua,Doumbia,adjoua.doumbia42@yahoo.fr,Paris,france,18/02/2024,
43,Adjoua,Traore,adjoua.traore43@yahoo.fr,Abidjan,Côte d'Ivoire,31/03/2024,+225 613353608
44,Didier,GBAGBO,DIDIER.GBAGBO44@GMAIL.COM,Lyon,FR,05-06-2023,+225 320307706
45,Kouassi,Soro,KOUASSI.SORO45@OUTLOOK.COM,Bamako,Mali,2024-01-31,+225 768898596
46,Kouassi,Soro,kouassi.soro46@outlook.com,Yamoussoukro,Côte d'Ivoire,2024-02-28,+225 817127766
47,Serge,Beda,serge.beda47@gmail.com,Bouaké,CI,11-19-2024,+225 667124648
48,Awa,Coulibaly,awa.coulibaly48@yahoo.fr,Dakar,SN,05-23-2024,+225 518150978
49,Yao,Konan,yao.konan49@yahoo.fr,Abidjan,Côte d'Ivoire,18/05/2024,+225 837355508
50,Jean,Toure,jean.toure50@outlook.com,Abidjan,Côte d'Ivoire,2024-06-26,+225 141274927
51,Adjoua,SORO,adjoua.soro51@yahoo.fr,Lyon,FR,29/01/2024,+225 929312620
52,Adjoua,Coulibaly,ADJOUA.COULIBALY52@YAHOO.FR,Bamako,Mali,2023-09-06,+225 499339904
53,Serge,Beda,serge.beda53@gmail.com,Lyon,FR,2025-02-07,+225 131054553
54,Awa,Doumbia,awa.doumbia54@outlook.com,Lyon,FR,09/01/2025,+225 187010375
55,Fatou,Diallo,fatou.diallo55@yahoo.fr,Bamako,Mali,2023-09-11,+225 936423437
56,Serge,Diallo,serge.diallo56@outlook.com,Paris,France,2024-01-26,+225 621365266
57,Ibrahim,Beda,ibrahim.beda57@yahoo.fr,Bamako,Mali,16/05/2024,+225 580550838
58,Salimata,Beda,salimata.beda58@yahoo.fr,Dakar,SN,15/06/2025,+225 646826779
59,Ibrahim,Ouattara,ibrahim.ouattara59@outlook.com,Dakar,Sénégal,01/01/2024,
60,Jean,Kouame,JEAN.KOUAME60@GMAIL.COM,Yamoussoukro,Côte d'Ivoire,2024-01-12,+225 838909415
61,Fatou,Fofana,fatou.fofana61@outlook.com,Paris,France,31/05/2023,+225 412044086
62,Aminata,Kone,aminata.kone62@yahoo.fr,Abidjan,cote d'ivoire,06/04/2023,+225 179439716
63,Didier,Toure,DIDIER.TOURE63@YAHOO.FR,Abidjan,cote d'ivoire,2024-10-12,+225 751568950
64,Aya,Fofana,aya.fofana64@outlook.com,Bamako,Mali,2024-10-07,+225 291055950
65,Ibrahim,Assi,ibrahim.assi65@yahoo.fr,Paris,france,26/03/2024,+225 923708089
66,Paul,Toure,PAUL.TOURE66@YAHOO.FR,Dakar,Sénégal,2024-03-23,+225 754606327
67,Didier,OUATTARA,didier.ouattara67@gmail.com,Bouaké,CI,06/02/2024,+225 244291909
68,Serge,Diallo,serge.diallo68@yahoo.fr,Lyon,FR,2023-08-03,+225 371533058
69,Salimata,Kone,salimata.kone69@yahoo.fr,Bamako,Mali,07-21-2024,+225 642563134
70,Serge,Sangare,serge.sangare70@outlook.com,Lyon,FR,2025-05-13,+225 140833169
71,Mariam,Diallo,mariam.diallo71@outlook.com,Paris,France,2023-04-17,
72,Awa,Konan,awa.konan72@outlook.com,Bamako,Mali,2023-11-02,+225 942963717
73,Ibrahim,Traore,ibrahim.traore73@yahoo.fr,Dakar,Sénégal,2025-03-28,+225 572973641
74,Adjoua,Gbagbo,adjoua.gbagbo74@gmail.com,Dakar,Sénégal,16/02/2024,
75,Jean,OUATTARA,jean.ouattara75@gmail.com,Abidjan,Côte d'Ivoire,2023-08-28,
76,Aminata,Assi,aminata.assi76@outlook.com,Abidjan,cote d'ivoire,2024-11-18,+225 933717237
77,Eric,Beda,eric.beda77@gmail.com,Abidjan,cote d'ivoire,2024-12-01,
78,Mariam,Konan,mariam.konan78@gmail.com,Yamoussoukro,Côte d'Ivoire,24/08/2023,+225 781010589
79,Moussa,Beda,moussa.beda79@outlook.com,Abidjan,cote d'ivoire,2024-02-09,+225 734501740
80,Chantal,Diallo,chantal.diallo80@yahoo.fr,Abidjan,Côte d'Ivoire,2023-03-13,+225 150232134
81,Nadia,Yao,nadia.yao81@gmail.com,Paris,France,03-23-2025,+225 251019865
82,Didier,Assi,didier.assi82@yahoo.fr,Paris,france,2024-09-25,+225 274945475
83,Fatou,N'Guessan,fatou.n'guessan83@gmail.com,Paris,france,2023-10-03,+225 862129760
84,Paul,Diallo,paul.diallo84@yahoo.fr,Bouaké,CI,07/05/2024,+225 251688531
85,Adjoua,Sangare,adjoua.sangare85@outlook.com,Abidjan,Côte d'Ivoire,2025-02-09,+225 178266756
86,Jean,Assi,jean.assi86@yahoo.fr,Paris,france,2024-03-19,+225 769696820
87,Moussa,Adou,moussa.adou87@yahoo.fr,Dakar,SN,2024-01-24,+225 366457795
88,Koffi,FOFANA,koffi.fofana88@yahoo.fr,Dakar,Sénégal,2023-05-07,
89,Didier,Coulibaly,didier.coulibaly89@gmail.com,Yamoussoukro,Côte d'Ivoire,2024-06-09,+225 168486193
90,Eric,Kouame,eric.kouame90@gmail.com,Abidjan,cote d'ivoire,2024-07-19,+225 178173909
91,Aminata,N'Guessan,aminata.n'guessan91@gmail.com,Abidjan,Côte d'Ivoire,10/01/2024,
92,Paul,Diabate,paul.diabate92@outlook.com,Abidjan,Côte d'Ivoire,2024-12-09,+225 126151084
93,Adjoua,ASSI,adjoua.assi93@gmail.com,Abidjan,cote d'ivoire,2024-03-20,+225 239687508
94,Aminata,Adou,aminata.adou94@gmail.com,Dakar,Sénégal,2024-08-17,+225 270993264
95,Eric,Toure,eric.toure95@yahoo.fr,Lyon,FR,2023-04-04,+225 262888010
96,Moussa,Adou,moussa.adou96@gmail.com,Bamako,Mali,15/12/2024,+225 236999350
97,Marie,N'Guessan,marie.n'guessan97@gmail.com,Abidjan,cote d'ivoire,2025-04-12,
98,Eric,Assi,eric.assi98@gmail.com,Dakar,Sénégal,09/06/2025,+225 650233433
99,Jean,N'Guessan,jean.n'guessan99@outlook.com,Bamako,Mali,2023-11-09,
100,Aminata,N'Guessan,AMINATA.N'GUESSAN100@GMAIL.COM,Bouaké,CI,05/07/2024,+225 636527772
101,Moussa,Fofana,moussa.fofana101@yahoo.fr,Abidjan,cote d'ivoire,21/01/2023,+225 296270328
102,Paul,Fofana,PAUL.FOFANA102@OUTLOOK.COM,Abidjan,cote d'ivoire,2024-01-12,+225 552039679
103,Fatou,Toure,fatou.toure103@outlook.com,Bamako,Mali,12-05-2024,+225 117445699
104,Kouassi,Coulibaly,kouassi.coulibaly104@outlook.com,Paris,france,09-06-2023,
105,Paul,OUATTARA,paul.ouattara105@yahoo.fr,Paris,france,2024-03-13,
106,Serge,Assi,serge.assi106@outlook.com,Dakar,Sénégal,27/08/2024,+225 549705126
107,Aya,N'Guessan,aya.n'guessan107@gmail.com,Dakar,SN,2025-04-24,+225 261455524
108,Didier,Fofana,didier.fofana108@gmail.com,Paris,France,2024-05-03,+225 582683768
109,Kouassi,Bamba,KOUASSI.BAMBA109@OUTLOOK.COM,Dakar,Sénégal,2023-08-29,+225 939841209
110,Awa,BEDA,awa.beda110@outlook.com,Yamoussoukro,Côte d'Ivoire,2024-05-05,+225 586480009
111,Yao,Fofana,yao.fofana111@outlook.com,Abidjan,cote d'ivoire,2024-01-31,+225 311945087
112,Adjoua,Gbagbo,adjoua.gbagbo112@yahoo.fr,Paris,france,2023-11-24,+225 810892457
113,Chantal,Yao,chantal.yao113@yahoo.fr,Abidjan,cote d'ivoire,03-17-2025,+225 522622417
114,Adjoua,Kone,adjoua.kone114@outlook.com,Dakar,Sénégal,2023-09-29,+225 538412294
115,Aminata,Fofana,aminata.fofana115@yahoo.fr,Lyon,FR,2023-04-08,+225 670501607
116,Aya,Bamba,aya.bamba116@outlook.com,Yamoussoukro,Côte d'Ivoire,04-17-2023,+225 331948592
117,Paul,Konan,paul.konan117@outlook.com,Paris,France,16/08/2024,
118,Aminata,Doumbia,aminata.doumbia118@yahoo.fr,Bamako,Mali,10-19-2024,+225 794488510
119,Nadia,Kone,nadia.kone119@yahoo.fr,Bouaké,CI,11-22-2024,
120,Adjoua,Diallo,adjoua.diallo120@outlook.com,Bamako,Mali,2023-10-16,+225 165317853
121,Didier,KONAN,didier.konan121@outlook.com,Dakar,SN,04/04/2025,+225 930719258
122,Fatou,Toure,fatou.toure122@gmail.com,Dakar,Sénégal,2023-08-01,
123,Yao,FOFANA,yao.fofana123@outlook.com,Bouaké,CI,2023-02-03,+225 259936721
124,Koffi,SORO,koffi.soro124@gmail.com,Paris,France,2024-05-07,+225 437895989
125,Ibrahim,OUATTARA,ibrahim.ouattara125@yahoo.fr,Bamako,Mali,2025-01-16,+225 582742631
126,Nadia,N'Guessan,nadia.n'guessan126@yahoo.fr,Paris,france,05-16-2025,+225 395760944
127,Didier,Coulibaly,didier.coulibaly127@yahoo.fr,Abidjan,cote d'ivoire,07-25-2024,+225 365967398
128,Adjoua,Fofana,adjoua.fofana128@gmail.com,Dakar,Sénégal,04-08-2024,
129,Koffi,Adou,koffi.adou129@outlook.com,Dakar,Sénégal,03-25-2025,+225 399224451
130,Salimata,Traore,salimata.traore130@outlook.com,Bamako,Mali,04-22-2025,+225 224814703
131,Eric,Soro,eric.soro131@outlook.com,Yamoussoukro,Côte d'Ivoire,2024-04-24,+225 136891816
132,Aminata,DIABATE,aminata.diabate132@yahoo.fr,Abidjan,Côte d'Ivoire,2024-01-27,+225 999313799
133,Moussa,Diallo,moussa.diallo133@gmail.com,Paris,France,17/05/2023,+225 918183594
134,Chantal,N'Guessan,chantal.n'guessan134@yahoo.fr,Bouaké,CI,11-04-2024,+225 890171323
135,Aya,Diabate,AYA.DIABATE135@GMAIL.COM,Paris,france,07-21-2023,+225 920438281
136,Mariam,Sangare,mariam.sangare136@gmail.com,Dakar,SN,2024-04-11,+225 538433614
137,Adjoua,ADOU,adjoua.adou137@outlook.com,Paris,France,2023-01-20,+225 740202528
138,Didier,Diallo,didier.diallo138@gmail.com,Bamako,Mali,18/08/2024,+225 443629195
139,Serge,DIABATE,serge.diabate139@gmail.com,Bouaké,CI,2025-03-08,+225 176295561
140,Didier,Yao,didier.yao140@yahoo.fr,Paris,France,11-03-2024,+225 433621446
141,Salimata,Yao,SALIMATA.YAO141@OUTLOOK.COM,Paris,France,2023-01-05,+225 995295830
142,Kouassi,Soro,kouassi.soro142@yahoo.fr,Yamoussoukro,Côte d'Ivoire,2023-08-05,+225 121048213
143,Koffi,Sangare,koffi.sangare143@gmail.com,Dakar,SN,2023-03-02,
144,Nadia,Ouattara,nadia.ouattara144@outlook.com,Yamoussoukro,Côte d'Ivoire,01-18-2025,
145,Aminata,Adou,aminata.adou145@gmail.com,Yamoussoukro,Côte d'Ivoire,2025-03-13,+225 277206550
146,Jean,DIALLO,JEAN.DIALLO146@OUTLOOK.COM,Bouaké,CI,06-11-2023,
147,Adjoua,Coulibaly,adjoua.coulibaly147@outlook.com,Abidjan,cote d'ivoire,2023-11-27,+225 674793410
148,Salimata,DIALLO,salimata.diallo148@gmail.com,Abidjan,Côte d'Ivoire,2025-02-26,+225 127679119
149,Fatou,Assi,fatou.assi149@yahoo.fr,Paris,france,2023-09-10,+225 399822506
150,Kouassi,Doumbia,kouassi.doumbia150@yahoo.fr,Dakar,Sénégal,2024-11-30,+225 397464377
151,Serge,Diabate,serge.diabate151@outlook.com,Paris,france,2024-03-25,
152,Fatou,Yao,fatou.yao152@outlook.com,Dakar,Sénégal,2024-03-26,+225 422950775
153,Chantal,Kouame,chantal.kouame153@outlook.com,Paris,france,2025-04-20,+225 125685067
154,Didier,Bamba,didier.bamba154@yahoo.fr,Paris,France,2023-07-26,+225 321863999
155,Yao,Diallo,yao.diallo155@yahoo.fr,Paris,France,2023-01-17,
156,Fatou,OUATTARA,fatou.ouattara156@gmail.com,Abidjan,cote d'ivoire,01/09/2024,+225 920964925
157,Kouassi,Adou,kouassi.adou157@outlook.com,Lyon,FR,2023-09-24,+225 593475211
158,Serge,TRAORE,serge.traore158@outlook.com,Dakar,Sénégal,2024-09-16,+225 762300494
159,Paul,Toure,paul.toure159@yahoo.fr,Abidjan,cote d'ivoire,2024-01-11,+225 287788293
160,Serge,Sangare,serge.sangare160@outlook.com,Bamako,Mali,2024-12-24,+225 174386640
161,Adjoua,KONE,adjoua.kone161@yahoo.fr,Bouaké,CI,2023-03-17,+225 784335845
162,Aminata,Adou,AMINATA.ADOU162@GMAIL.COM,Paris,France,28/04/2023,
163,Marie,Konan,marie.konan163@yahoo.fr,Paris,France,2024-01-26,+225 261055398
164,Salimata,BEDA,salimata.beda164@gmail.com,Abidjan,cote d'ivoire,14/04/2025,
165,Nadia,GBAGBO,nadia.gbagbo165@outlook.com,Paris,france,2023-03-14,+225 497580845
166,Serge,DIABATE,serge.diabate166@outlook.com,Dakar,Sénégal,2023-09-28,+225 253972563
167,Mariam,Beda,mariam.beda167@gmail.com,Abidjan,Côte d'Ivoire,04-02-2024,+225 638236379
168,Moussa,Diallo,moussa.diallo168@gmail.com,Abidjan,cote d'ivoire,2025-05-10,
169,Jean,DOUMBIA,jean.doumbia169@outlook.com,Lyon,FR,2024-04-13,+225 396425599
170,Awa,Fofana,awa.fofana170@yahoo.fr,Abidjan,cote d'ivoire,2025-04-12,+225 512237354
171,Yao,Konan,yao.konan171@yahoo.fr,Abidjan,Côte d'Ivoire,06-21-2024,+225 523338758
172,Koffi,Ouattara,koffi.ouattara172@gmail.com,Paris,France,2024-07-24,+225 819530766
173,Moussa,Diallo,moussa.diallo173@yahoo.fr,Yamoussoukro,Côte d'Ivoire,2024-10-12,+225 277394363
174,Marie,SORO,marie.soro174@outlook.com,Dakar,SN,13/01/2024,
175,Adjoua,Bamba,adjoua.bamba175@outlook.com,Bouaké,CI,06/01/2023,
176,Paul,Fofana,paul.fofana176@outlook.com,Bamako,Mali,05-19-2025,+225 263643829
177,Eric,Diallo,eric.diallo177@gmail.com,Dakar,SN,2023-06-13,+225 976449297
178,Salimata,Traore,SALIMATA.TRAORE178@OUTLOOK.COM,Dakar,SN,2024-12-24,
179,Moussa,Ouattara,moussa.ouattara179@outlook.com,Abidjan,cote d'ivoire,2024-01-24,+225 567087104
180,Kouassi,Fofana,kouassi.fofana180@outlook.com,Bamako,Mali,07/12/2024,+225 811605310
181,Nadia,Diabate,NADIA.DIABATE181@OUTLOOK.COM,Dakar,SN,20/08/2024,
182,Nadia,Doumbia,nadia.doumbia182@outlook.com,Lyon,FR,2023-04-09,+225 384648574
183,Aya,Beda,aya.beda183@outlook.com,Abidjan,Côte d'Ivoire,2023-08-14,
184,Moussa,N'Guessan,moussa.n'guessan184@gmail.com,Bamako,Mali,2024-12-18,
185,Mariam,Yao,mariam.yao185@outlook.com,Bamako,Mali,2024-02-21,+225 340081977
186,Aminata,Doumbia,aminata.doumbia186@outlook.com,Abidjan,cote d'ivoire,2024-04-22,
187,Marie,Diallo,marie.diallo187@gmail.com,Paris,france,2024-11-19,
188,Yao,Doumbia,yao.doumbia188@outlook.com,Lyon,FR,2024-06-29,+225 988096504
189,Aminata,Beda,aminata.beda189@gmail.com,Paris,France,09/11/2024,+225 636087023
190,Ibrahim,Fofana,ibrahim.fofana190@yahoo.fr,Abidjan,Côte d'Ivoire,07/01/2024,+225 243676563
191,Nadia,Toure,nadia.toure191@gmail.com,Lyon,FR,13/04/2025,+225 420235593
192,Koffi,Adou,koffi.adou192@yahoo.fr,Paris,france,09/08/2024,+225 988074155
193,Ibrahim,Bamba,ibrahim.bamba193@gmail.com,Bamako,Mali,2023-09-04,+225 557791485
194,Yao,Doumbia,YAO.DOUMBIA194@YAHOO.FR,Abidjan,cote d'ivoire,2023-08-12,+225 331299612
195,Serge,Ouattara,serge.ouattara195@yahoo.fr,Yamoussoukro,Côte d'Ivoire,06-14-2025,+225 785677072
196,Koffi,Toure,koffi.toure196@gmail.com,Paris,France,2025-01-04,+225 919475027
197,Aya,YAO,aya.yao197@gmail.com,Bouaké,CI,04/03/2025,+225 152787890
198,Paul,FOFANA,paul.fofana198@gmail.com,Bamako,Mali,2024-06-18,+225 423155591
199,Eric,Doumbia,eric.doumbia199@gmail.com,Paris,France,2023-06-23,
200,Eric,Fofana,eric.fofana200@gmail.com,Abidjan,cote d'ivoire,2025-01-12,+225 337930120
201,Salimata,Toure,salimata.toure201@yahoo.fr,Bouaké,CI,11/04/2025,+225 292374021
202,Fatou,Doumbia,fatou.doumbia202@gmail.com,Dakar,SN,2025-04-08,+225 624897854
203,Awa,KONAN,awa.konan203@gmail.com,Paris,france,05-21-2023,+225 361967407
204,Fatou,Soro,fatou.soro204@outlook.com,Yamoussoukro,Côte d'Ivoire,2023-05-19,+225 520394105
205,Aminata,Traore,aminata.traore205@outlook.com,Dakar,SN,01/05/2024,+225 114985586
206,Paul,Coulibaly,paul.coulibaly206@gmail.com,Bouaké,CI,06-25-2023,
207,Marie,Traore,marie.traore207@yahoo.fr,Dakar,SN,06-07-2023,+225 814804373
208,Marie,Kouame,marie.kouame208@gmail.com,Dakar,SN,2024-01-22,
209,Mariam,Fofana,mariam.fofana209@yahoo.fr,Paris,France,2024-06-16,+225 571264306
210,Chantal,N'GUESSAN,chantal.n'guessan210@outlook.com,Abidjan,cote d'ivoire,2024-12-23,+225 484539607
211,Moussa,Diallo,moussa.diallo211@gmail.com,Abidjan,cote d'ivoire,2023-10-14,+225 955407360
212,Ibrahim,Fofana,IBRAHIM.FOFANA212@YAHOO.FR,Dakar,SN,10-24-2024,+225 881338611
213,Adjoua,Traore,adjoua.traore213@outlook.com,Abidjan,cote d'ivoire,2025-02-05,+225 513912755
214,Awa,Yao,awa.yao214@outlook.com,Bamako,Mali,2024-03-19,
215,Koffi,Soro,KOFFI.SORO215@OUTLOOK.COM,Paris,France,2023-06-13,+225 931307038
216,Nadia,Ouattara,nadia.ouattara216@gmail.com,Bamako,Mali,2023-07-25,+225 367830962
217,Yao,Kone,yao.kone217@yahoo.fr,Bouaké,CI,05-29-2024,
218,Nadia,BAMBA,nadia.bamba218@yahoo.fr,Bamako,Mali,05-03-2025,+225 435405034
219,Fatou,Fofana,fatou.fofana219@outlook.com,Bouaké,CI,2023-02-14,+225 143625272
220,Aya,Soro,aya.soro220@outlook.com,Abidjan,cote d'ivoire,04-13-2025,+225 590419284
221,Ibrahim,Soro,IBRAHIM.SORO221@GMAIL.COM,Lyon,FR,2023-04-02,
222,Awa,Soro,awa.soro222@outlook.com,Lyon,FR,25/03/2023,+225 819606782
223,Fatou,Ouattara,fatou.ouattara223@yahoo.fr,Dakar,Sénégal,16/02/2023,+225 493235767
224,Salimata,Ouattara,salimata.ouattara224@yahoo.fr,Bouaké,CI,2024-09-12,+225 185341793
225,Didier,ADOU,didier.adou225@gmail.com,Bouaké,CI,01-29-2025,
226,Aminata,Kouame,aminata.kouame226@gmail.com,Bouaké,CI,21/12/2024,+225 931589021
227,Moussa,Ouattara,moussa.ouattara227@gmail.com,Dakar,Sénégal,2025-05-31,
228,Didier,Ouattara,didier.ouattara228@outlook.com,Lyon,FR,10-16-2023,
229,Eric,Diallo,eric.diallo229@gmail.com,Bamako,Mali,2024-12-22,
230,Salimata,N'Guessan,salimata.n'guessan230@outlook.com,Yamoussoukro,Côte d'Ivoire,05/06/2024,+225 866503747
231,Moussa,KOUAME,moussa.kouame231@gmail.com,Paris,france,01/08/2024,+225 680109671
232,Kouassi,Coulibaly,kouassi.coulibaly232@yahoo.fr,Paris,france,2024-10-27,+225 284344938
233,Aya,Soro,aya.soro233@gmail.com,Paris,France,2024-04-27,
234,Yao,N'Guessan,YAO.N'GUESSAN234@GMAIL.COM,Paris,france,2023-10-18,+225 597028511
235,Serge,TOURE,serge.toure235@yahoo.fr,Bouaké,CI,10/02/2025,
236,Chantal,Fofana,chantal.fofana236@yahoo.fr,Paris,france,2025-01-20,+225 580572405
237,Jean,Bamba,JEAN.BAMBA237@YAHOO.FR,Bamako,Mali,2023-12-13,+225 767560693
238,Paul,Kouame,paul.kouame238@gmail.com,Lyon,FR,2023-08-13,+225 315501982
239,Mariam,Soro,MARIAM.SORO239@YAHOO.FR,Abidjan,Côte d'Ivoire,2023-05-06,+225 453008954
240,Mariam,DOUMBIA,mariam.doumbia240@outlook.com,Paris,france,05-29-2023,+225 464375976
241,Yao,Konan,yao.konan241@yahoo.fr,Dakar,SN,2023-07-29,
242,Mariam,Doumbia,MARIAM.DOUMBIA242@GMAIL.COM,Abidjan,Côte d'Ivoire,01/11/2023,+225 455454849
243,Aminata,Beda,aminata.beda243@gmail.com,Lyon,FR,26/11/2023,
244,Moussa,Adou,moussa.adou244@outlook.com,Dakar,SN,2024-10-25,+225 349050707
245,Awa,Soro,AWA.SORO245@OUTLOOK.COM,Dakar,SN,2023-12-08,+225 271716900
246,Awa,Beda,awa.beda246@yahoo.fr,Paris,france,31/07/2023,+225 381347675
247,Kouassi,Adou,kouassi.adou247@gmail.com,Paris,france,03/05/2025,+225 792471320
248,Jean,TRAORE,JEAN.TRAORE248@OUTLOOK.COM,Bamako,Mali,2025-02-07,+225 579326115
249,Marie,GBAGBO,marie.gbagbo249@outlook.com,Lyon,FR,10-23-2023,+225 558189130
250,Aminata,Doumbia,aminata.doumbia250@outlook.com,Yamoussoukro,Côte d'Ivoire,14/05/2025,+225 854032766
251,Ibrahim,Fofana,ibrahim.fofana251@yahoo.fr,Lyon,FR,10/08/2024,+225 282395263
252,Adjoua,Beda,adjoua.beda252@gmail.com,Paris,france,2024-05-12,+225 578965516
253,Moussa,Kouame,moussa.kouame253@outlook.com,Yamoussoukro,Côte d'Ivoire,2024-07-23,+225 135934004
254,Adjoua,Kouame,adjoua.kouame254@outlook.com,Abidjan,cote d'ivoire,2023-06-09,+225 713163245
255,Aminata,Kouame,aminata.kouame255@yahoo.fr,Abidjan,Côte d'Ivoire,2023-07-02,+225 672531830
256,Paul,BAMBA,paul.bamba256@outlook.com,Yamoussoukro,Côte d'Ivoire,2024-03-28,+225 892704606
257,Salimata,TOURE,salimata.toure257@gmail.com,Yamoussoukro,Côte d'Ivoire,2023-04-29,+225 967259723
258,Serge,Diallo,serge.diallo258@gmail.com,Paris,france,2023-03-27,+225 675314405
259,Ibrahim,Gbagbo,ibrahim.gbagbo259@yahoo.fr,Paris,france,06/06/2024,+225 157090470
260,Kouassi,Ouattara,kouassi.ouattara260@gmail.com,Bamako,Mali,22/04/2025,+225 722366713
261,Ibrahim,Gbagbo,ibrahim.gbagbo261@gmail.com,Bouaké,CI,2025-05-13,+225 925245597
262,Moussa,Traore,moussa.traore262@yahoo.fr,Abidjan,Côte d'Ivoire,2024-12-21,+225 463431379
263,Didier,DOUMBIA,didier.doumbia263@gmail.com,Paris,france,2024-02-05,
264,Ibrahim,Fofana,ibrahim.fofana264@outlook.com,Dakar,Sénégal,05/12/2024,+225 981560334
265,Marie,COULIBALY,marie.coulibaly265@outlook.com,Bamako,Mali,18/04/2025,+225 918109488
266,Yao,Coulibaly,yao.coulibaly266@yahoo.fr,Bouaké,CI,2023-08-17,+225 763106829
267,Adjoua,Diallo,adjoua.diallo267@outlook.com,Dakar,Sénégal,2023-02-15,+225 156849264
268,Kouassi,Diabate,kouassi.diabate268@yahoo.fr,Paris,france,08/07/2024,+225 225416217
269,Moussa,DIABATE,moussa.diabate269@yahoo.fr,Dakar,Sénégal,2023-04-27,
270,Eric,Soro,eric.soro270@outlook.com,Paris,France,2024-05-23,+225 161518745
271,Marie,Toure,marie.toure271@gmail.com,Bamako,Mali,2024-03-04,+225 571134862
272,Yao,Traore,yao.traore272@outlook.com,Lyon,FR,2024-04-15,
273,Nadia,Diabate,nadia.diabate273@outlook.com,Yamoussoukro,Côte d'Ivoire,2024-10-16,+225 792810596
274,Nadia,Yao,nadia.yao274@yahoo.fr,Lyon,FR,2024-12-20,+225 554293788
275,Awa,Konan,awa.konan275@gmail.com,Dakar,Sénégal,2023-08-01,
276,Fatou,SANGARE,fatou.sangare276@gmail.com,Abidjan,Côte d'Ivoire,2024-06-23,+225 293811260
277,Aminata,GBAGBO,aminata.gbagbo277@yahoo.fr,Dakar,SN,01-30-2025,+225 280736028
278,Didier,Yao,didier.yao278@gmail.com,Dakar,SN,2023-04-16,+225 717893810
279,Jean,Kone,jean.kone279@yahoo.fr,Abidjan,Côte d'Ivoire,15/03/2024,+225 675592974
280,Jean,Toure,jean.toure280@yahoo.fr,Paris,france,2024-01-12,+225 979688926
281,Kouassi,Gbagbo,kouassi.gbagbo281@gmail.com,Bamako,Mali,2023-07-07,+225 775748111
282,Kouassi,Toure,kouassi.toure282@yahoo.fr,Abidjan,Côte d'Ivoire,2023-10-28,+225 790852988
283,Aminata,Doumbia,aminata.doumbia283@gmail.com,Dakar,Sénégal,05/01/2025,+225 767104768
284,Aya,Toure,aya.toure284@gmail.com,Dakar,Sénégal,2023-09-01,+225 842777281
285,Didier,Adou,didier.adou285@outlook.com,Bouaké,CI,2024-04-23,
286,Mariam,Doumbia,mariam.doumbia286@outlook.com,Dakar,SN,2023-10-10,+225 324185048
287,Paul,TOURE,paul.toure287@yahoo.fr,Yamoussoukro,Côte d'Ivoire,2025-05-15,+225 217763293
288,Serge,Gbagbo,SERGE.GBAGBO288@OUTLOOK.COM,Lyon,FR,2025-04-22,+225 549411362
289,Nadia,Soro,nadia.soro289@outlook.com,Abidjan,cote d'ivoire,2024-10-25,+225 421512945
290,Eric,Traore,eric.traore290@gmail.com,Abidjan,cote d'ivoire,2024-10-18,+225 259769375
291,Marie,Diallo,marie.diallo291@gmail.com,Dakar,Sénégal,2025-05-04,+225 942470468
292,Paul,Toure,paul.toure292@outlook.com,Bamako,Mali,12-03-2024,+225 653143260
293,Mariam,Fofana,mariam.fofana293@outlook.com,Lyon,FR,2023-05-06,+225 468672626
294,Yao,Assi,yao.assi294@gmail.com,Dakar,SN,2025-06-06,+225 174598420
295,Aminata,KONE,aminata.kone295@outlook.com,Dakar,Sénégal,2025-01-31,+225 948142331
296,Aya,Toure,aya.toure296@outlook.com,Paris,France,2023-04-17,+225 386548030
297,Adjoua,Assi,adjoua.assi297@yahoo.fr,Paris,france,01/03/2025,
298,Paul,COULIBALY,paul.coulibaly298@outlook.com,Lyon,FR,2024-07-27,+225 220972950
299,Kouassi,KONE,kouassi.kone299@gmail.com,Paris,France,2024-03-06,+225 612914076
300,Chantal,Fofana,chantal.fofana300@gmail.com,Dakar,SN,09/09/2024,+225 511107241
301,Paul,Kone,paul.kone301@outlook.com,Abidjan,Côte d'Ivoire,2023-03-28,+225 575032688
302,Moussa,KONE,moussa.kone302@outlook.com,Lyon,FR,12/01/2025,+225 436582311
303,Yao,Doumbia,yao.doumbia303@gmail.com,Bouaké,CI,2025-05-21,+225 538385074
304,Mariam,Ouattara,mariam.ouattara304@yahoo.fr,Dakar,SN,2024-02-03,+225 137173464
305,Fatou,TRAORE,fatou.traore305@yahoo.fr,Abidjan,cote d'ivoire,2024-04-08,
306,Ibrahim,Ouattara,ibrahim.ouattara306@yahoo.fr,Paris,france,2025-04-06,+225 780316462
307,Chantal,Traore,chantal.traore307@gmail.com,Yamoussoukro,Côte d'Ivoire,05/05/2024,+225 145183382
308,Fatou,N'GUESSAN,fatou.n'guessan308@outlook.com,Lyon,FR,2025-06-16,+225 189128001
309,Marie,Adou,marie.adou309@outlook.com,Bouaké,CI,09-08-2024,+225 380018980
310,Salimata,Konan,salimata.konan310@yahoo.fr,Lyon,FR,23/01/2025,+225 119577757
311,Fatou,Doumbia,FATOU.DOUMBIA311@GMAIL.COM,Dakar,SN,2024-08-22,
312,Eric,Beda,ERIC.BEDA312@YAHOO.FR,Paris,France,2025-06-18,+225 169911625
313,Koffi,Sangare,koffi.sangare313@yahoo.fr,Paris,France,2023-05-03,+225 666098337
314,Moussa,TOURE,moussa.toure314@gmail.com,Abidjan,cote d'ivoire,2023-03-23,+225 790733004
315,Mariam,Diallo,MARIAM.DIALLO315@GMAIL.COM,Dakar,SN,02-16-2025,+225 132132489
316,Yao,YAO,yao.yao316@gmail.com,Abidjan,cote d'ivoire,2023-08-05,+225 522871968
317,Fatou,SORO,fatou.soro317@gmail.com,Lyon,FR,07/02/2025,+225 782751477
318,Serge,Konan,serge.konan318@outlook.com,Abidjan,cote d'ivoire,06-28-2023,+225 191957439
319,Ibrahim,KONAN,ibrahim.konan319@gmail.com,Bouaké,CI,2023-09-18,
320,Adjoua,Gbagbo,adjoua.gbagbo320@yahoo.fr,Dakar,Sénégal,2024-08-13,+225 913254643
321,Paul,Beda,paul.beda321@gmail.com,Bamako,Mali,2023-01-05,
322,Eric,Konan,eric.konan322@yahoo.fr,Dakar,SN,05/01/2023,+225 214649212
323,Aminata,Kouame,aminata.kouame323@outlook.com,Dakar,SN,2025-01-07,+225 698204206
324,Aya,Kouame,aya.kouame324@outlook.com,Paris,france,2024-12-22,+225 931469753
325,Koffi,Diabate,koffi.diabate325@gmail.com,Bamako,Mali,2023-09-17,+225 832039450
326,Nadia,Bamba,nadia.bamba326@yahoo.fr,Paris,france,2023-02-21,+225 797137658
327,Paul,Yao,paul.yao327@gmail.com,Dakar,Sénégal,2025-04-15,+225 279489755
328,Nadia,Beda,nadia.beda328@outlook.com,Paris,france,2025-01-31,+225 783781972
329,Didier,TRAORE,didier.traore329@outlook.com,Dakar,SN,2025-01-24,+225 513613616
330,Jean,Soro,jean.soro330@outlook.com,Bouaké,CI,2024-02-15,+225 272763657
331,Aya,Gbagbo,AYA.GBAGBO331@GMAIL.COM,Abidjan,cote d'ivoire,2024-03-30,+225 577066930
332,Salimata,Toure,salimata.toure332@yahoo.fr,Paris,france,08/05/2024,+225 617742202
333,Koffi,Kone,koffi.kone333@gmail.com,Paris,france,02-05-2025,
334,Aminata,Soro,aminata.soro334@yahoo.fr,Dakar,Sénégal,2024-02-08,+225 283199562
335,Nadia,Fofana,nadia.fofana335@gmail.com,Dakar,SN,23/10/2024,
336,Yao,Coulibaly,yao.coulibaly336@outlook.com,Yamoussoukro,Côte d'Ivoire,2023-02-17,+225 211417449
337,Jean,Konan,jean.konan337@gmail.com,Bouaké,CI,2023-09-01,
338,Marie,Fofana,marie.fofana338@yahoo.fr,Bamako,Mali,31/03/2023,+225 757029781
339,Fatou,Adou,fatou.adou339@outlook.com,Abidjan,cote d'ivoire,2025-06-01,+225 765038923
340,Paul,Doumbia,paul.doumbia340@outlook.com,Dakar,SN,2024-04-03,
341,Nadia,BEDA,nadia.beda341@outlook.com,Bouaké,CI,2023-02-19,+225 165467806
342,Aminata,Diallo,aminata.diallo342@gmail.com,Abidjan,cote d'ivoire,2023-01-04,+225 129722216
343,Serge,Beda,serge.beda343@outlook.com,Bouaké,CI,2025-03-06,+225 573862044
344,Ibrahim,Sangare,ibrahim.sangare344@yahoo.fr,Bouaké,CI,2024-01-06,+225 243404086
345,Koffi,Kone,koffi.kone345@gmail.com,Paris,france,2023-03-24,+225 726517990
346,Serge,ASSI,serge.assi346@outlook.com,Paris,France,2023-12-05,
347,Jean,Kouame,jean.kouame347@yahoo.fr,Abidjan,Côte d'Ivoire,2025-06-01,+225 651270457
348,Paul,Sangare,paul.sangare348@gmail.com,Lyon,FR,2024-05-03,+225 832903359
349,Didier,Traore,didier.traore349@outlook.com,Paris,france,2024-07-26,+225 861517182
350,Jean,Kouame,jean.kouame350@yahoo.fr,Abidjan,Côte d'Ivoire,02-06-2024,
351,Yao,Toure,yao.toure351@outlook.com,Yamoussoukro,Côte d'Ivoire,2023-05-11,+225 395142199
352,Ibrahim,Beda,ibrahim.beda352@gmail.com,Bouaké,CI,02/05/2024,+225 347653149
353,Eric,Sangare,eric.sangare353@yahoo.fr,Bouaké,CI,2024-06-04,+225 572979834
354,Chantal,DIABATE,chantal.diabate354@yahoo.fr,Bouaké,CI,08-20-2023,+225 649840946
355,Aminata,Toure,aminata.toure355@outlook.com,Bouaké,CI,2025-04-26,+225 223359508
356,Aminata,Adou,aminata.adou356@outlook.com,Dakar,Sénégal,2024-02-20,+225 572178767
357,Fatou,Konan,fatou.konan357@outlook.com,Lyon,FR,12-30-2023,+225 952675185
358,Aya,Adou,AYA.ADOU358@OUTLOOK.COM,Abidjan,Côte d'Ivoire,04-27-2023,+225 297606525
359,Fatou,Sangare,fatou.sangare359@gmail.com,Paris,France,01/05/2023,+225 935026798
360,Moussa,Diallo,MOUSSA.DIALLO360@OUTLOOK.COM,Lyon,FR,03-26-2023,+225 365322822
361,Kouassi,Traore,kouassi.traore361@outlook.com,Abidjan,cote d'ivoire,2024-01-21,
362,Nadia,Fofana,nadia.fofana362@yahoo.fr,Abidjan,Côte d'Ivoire,08/12/2024,
363,Ibrahim,N'Guessan,ibrahim.n'guessan363@outlook.com,Abidjan,cote d'ivoire,2024-07-03,+225 467116619
364,Kouassi,Konan,kouassi.konan364@outlook.com,Dakar,Sénégal,2025-05-24,+225 423809932
365,Awa,BAMBA,AWA.BAMBA365@GMAIL.COM,Paris,france,2024-01-03,+225 829586567
366,Aya,Diabate,AYA.DIABATE366@OUTLOOK.COM,Paris,France,2025-05-04,+225 664141599
367,Yao,Diabate,yao.diabate367@yahoo.fr,Dakar,SN,2023-10-13,+225 913245385
368,Aminata,Yao,aminata.yao368@outlook.com,Abidjan,cote d'ivoire,26/09/2023,
369,Marie,YAO,marie.yao369@outlook.com,Paris,France,01-12-2024,
370,Yao,Adou,yao.adou370@yahoo.fr,Paris,France,2024-03-05,
371,Fatou,Toure,fatou.toure371@outlook.com,Lyon,FR,02/03/2024,+225 230303357
372,Moussa,BAMBA,moussa.bamba372@outlook.com,Lyon,FR,27/03/2023,+225 641578183
373,Jean,Assi,jean.assi373@gmail.com,Paris,France,24/05/2024,
374,Awa,Soro,awa.soro374@gmail.com,Dakar,SN,14/06/2024,+225 759233198
375,Ibrahim,Assi,ibrahim.assi375@gmail.com,Abidjan,cote d'ivoire,2024-08-06,+225 668718974
376,Mariam,Doumbia,mariam.doumbia376@outlook.com,Dakar,Sénégal,08/07/2024,+225 332165599
377,Didier,Sangare,didier.sangare377@gmail.com,Bamako,Mali,2024-12-09,+225 459422993
378,Aminata,Sangare,aminata.sangare378@yahoo.fr,Dakar,SN,27/06/2023,+225 457669731
379,Moussa,Gbagbo,moussa.gbagbo379@gmail.com,Yamoussoukro,Côte d'Ivoire,07-17-2024,
380,Kouassi,Kouame,KOUASSI.KOUAME380@GMAIL.COM,Bouaké,CI,2024-04-18,
381,Koffi,Doumbia,koffi.doumbia381@outlook.com,Lyon,FR,2023-11-21,+225 956146531
382,Yao,Kone,yao.kone382@yahoo.fr,Dakar,SN,2024-12-28,+225 760248547
383,Fatou,Assi,fatou.assi383@outlook.com,Paris,france,2025-03-08,+225 292895146
384,Adjoua,DIABATE,adjoua.diabate384@outlook.com,Bamako,Mali,2025-02-04,+225 576005275
385,Awa,Toure,awa.toure385@yahoo.fr,Abidjan,Côte d'Ivoire,04-13-2024,
386,Kouassi,Sangare,kouassi.sangare386@gmail.com,Paris,France,2023-08-30,+225 832132966
387,Fatou,Adou,fatou.adou387@gmail.com,Dakar,SN,10-11-2023,
388,Kouassi,KONAN,kouassi.konan388@yahoo.fr,Abidjan,cote d'ivoire,12/04/2024,+225 844553348
389,Nadia,Kone,nadia.kone389@gmail.com,Dakar,SN,20/03/2024,+225 120427105
390,Koffi,ADOU,koffi.adou390@gmail.com,Paris,france,2023-02-20,+225 188166846
391,Serge,Kone,serge.kone391@outlook.com,Yamoussoukro,Côte d'Ivoire,27/01/2025,+225 815001112
392,Awa,Konan,awa.konan392@gmail.com,Dakar,Sénégal,03-11-2023,+225 360876558
393,Aminata,N'Guessan,aminata.n'guessan393@gmail.com,Abidjan,cote d'ivoire,10-28-2023,+225 525569499
394,Koffi,FOFANA,KOFFI.FOFANA394@OUTLOOK.COM,Abidjan,cote d'ivoire,2024-10-19,+225 315988673
395,Salimata,Traore,salimata.traore395@outlook.com,Paris,France,2024-10-30,+225 911321455
396,Mariam,Diallo,mariam.diallo396@yahoo.fr,Dakar,SN,2024-01-29,+225 873554832
397,Salimata,Diabate,salimata.diabate397@gmail.com,Bouaké,CI,2025-02-09,+225 443503541
398,Marie,Fofana,marie.fofana398@yahoo.fr,Dakar,Sénégal,2024-09-30,
399,Eric,Traore,ERIC.TRAORE399@YAHOO.FR,Yamoussoukro,Côte d'Ivoire,19/05/2023,+225 364075636
400,Kouassi,Kouame,KOUASSI.KOUAME400@GMAIL.COM,Dakar,Sénégal,2024-08-24,+225 255747917
401,Jean,Diabate,jean.diabate401@gmail.com,Paris,france,2023-11-25,
402,Jean,Yao,jean.yao402@yahoo.fr,Yamoussoukro,Côte d'Ivoire,27/03/2024,+225 916894944
403,Adjoua,OUATTARA,adjoua.ouattara403@gmail.com,Abidjan,Côte d'Ivoire,14/06/2025,+225 579489439
404,Aya,Diabate,AYA.DIABATE404@YAHOO.FR,Abidjan,Côte d'Ivoire,01-18-2024,+225 379353975
405,Paul,Kone,paul.kone405@outlook.com,Paris,France,2024-09-10,+225 273486572
406,Nadia,Yao,nadia.yao406@outlook.com,Abidjan,Côte d'Ivoire,2024-11-08,+225 493308456
407,Didier,Assi,didier.assi407@gmail.com,Abidjan,Côte d'Ivoire,2024-07-30,
408,Chantal,Toure,chantal.toure408@gmail.com,Lyon,FR,28/10/2023,+225 170746434
409,Paul,Soro,paul.soro409@outlook.com,Bamako,Mali,2023-07-08,
410,Awa,N'Guessan,awa.n'guessan410@yahoo.fr,Abidjan,Côte d'Ivoire,11/11/2024,+225 552005392
411,Yao,Toure,yao.toure411@yahoo.fr,Yamoussoukro,Côte d'Ivoire,28/05/2023,+225 724931617
412,Jean,Adou,jean.adou412@yahoo.fr,Paris,France,01-11-2024,
413,Aya,SORO,aya.soro413@gmail.com,Bamako,Mali,2025-01-22,+225 999021969
414,Marie,Assi,marie.assi414@yahoo.fr,Lyon,FR,2025-05-12,
415,Awa,Doumbia,awa.doumbia415@gmail.com,Paris,france,15/05/2024,+225 285516274
416,Ibrahim,DIALLO,IBRAHIM.DIALLO416@GMAIL.COM,Abidjan,Côte d'Ivoire,22/12/2024,
417,Chantal,Soro,chantal.soro417@yahoo.fr,Abidjan,cote d'ivoire,10/06/2025,+225 622743629
418,Aya,Yao,aya.yao418@outlook.com,Bouaké,CI,28/03/2024,+225 585865251
419,Ibrahim,Sangare,ibrahim.sangare419@yahoo.fr,Bamako,Mali,2023-12-20,
420,Moussa,Yao,MOUSSA.YAO420@OUTLOOK.COM,Bouaké,CI,23/10/2023,+225 185191088
421,Salimata,Traore,salimata.traore421@outlook.com,Bouaké,CI,10/11/2024,+225 149040112
422,Yao,ASSI,yao.assi422@yahoo.fr,Bouaké,CI,2024-03-07,+225 592703809
423,Fatou,Diallo,fatou.diallo423@gmail.com,Paris,france,2023-05-16,
424,Yao,Kone,yao.kone424@yahoo.fr,Abidjan,Côte d'Ivoire,2023-10-03,
425,Mariam,Soro,MARIAM.SORO425@YAHOO.FR,Lyon,FR,2023-06-12,+225 391639325
426,Jean,Coulibaly,jean.coulibaly426@gmail.com,Paris,france,2025-04-26,
427,Yao,Ouattara,yao.ouattara427@gmail.com,Dakar,SN,2023-02-10,
428,Fatou,Diallo,fatou.diallo428@outlook.com,Bamako,Mali,22/07/2024,+225 327330496
429,Eric,Gbagbo,ERIC.GBAGBO429@GMAIL.COM,Bouaké,CI,2023-09-20,
430,Didier,N'Guessan,didier.n'guessan430@yahoo.fr,Dakar,Sénégal,2023-06-24,+225 599604955
431,Aminata,Traore,aminata.traore431@gmail.com,Dakar,SN,2024-06-11,+225 754396097
432,Marie,Diabate,marie.diabate432@gmail.com,Abidjan,Côte d'Ivoire,2023-01-13,
433,Moussa,Konan,moussa.konan433@yahoo.fr,Paris,france,2023-03-17,+225 331930070
434,Koffi,Konan,koffi.konan434@gmail.com,Dakar,SN,2025-01-26,+225 886870923
435,Adjoua,Adou,adjoua.adou435@gmail.com,Abidjan,Côte d'Ivoire,27/07/2024,
436,Didier,Gbagbo,didier.gbagbo436@gmail.com,Bamako,Mali,15/05/2024,+225 646612619
437,Didier,Assi,didier.assi437@gmail.com,Bamako,Mali,2024-08-26,+225 878661270
438,Chantal,Adou,chantal.adou438@outlook.com,Lyon,FR,06/07/2024,
439,Ibrahim,Coulibaly,IBRAHIM.COULIBALY439@GMAIL.COM,Yamoussoukro,Côte d'Ivoire,2023-02-22,+225 742994754
440,Aminata,Beda,aminata.beda440@yahoo.fr,Dakar,Sénégal,10-31-2024,
441,Mariam,Sangare,mariam.sangare441@yahoo.fr,Dakar,SN,04-30-2024,
442,Salimata,Doumbia,salimata.doumbia442@gmail.com,Paris,France,2025-03-04,+225 486003097
443,Yao,Diabate,yao.diabate443@gmail.com,Bamako,Mali,10-25-2023,+225 557821322
444,Adjoua,KONAN,adjoua.konan444@outlook.com,Paris,france,2024-11-22,+225 786681395
445,Eric,Konan,eric.konan445@yahoo.fr,Abidjan,Côte d'Ivoire,2023-11-29,+225 548777828
446,Adjoua,Soro,adjoua.soro446@yahoo.fr,Abidjan,Côte d'Ivoire,2025-03-29,+225 362841154
447,Yao,Toure,yao.toure447@yahoo.fr,Bouaké,CI,2023-04-19,+225 844579615
448,Serge,Beda,serge.beda448@gmail.com,Abidjan,cote d'ivoire,11-03-2023,+225 654893525
449,Chantal,Soro,chantal.soro449@outlook.com,Abidjan,Côte d'Ivoire,2025-02-02,+225 556529519
450,Chantal,Adou,chantal.adou450@gmail.com,Abidjan,Côte d'Ivoire,05/04/2023,+225 145869725
451,Nadia,Traore,nadia.traore451@outlook.com,Dakar,SN,2025-06-17,+225 966608172
452,Yao,Kone,yao.kone452@yahoo.fr,Yamoussoukro,Côte d'Ivoire,2024-07-21,+225 425975592
453,Didier,SORO,didier.soro453@gmail.com,Dakar,SN,2023-01-08,+225 438482132
454,Awa,Konan,awa.konan454@gmail.com,Abidjan,Côte d'Ivoire,22/06/2023,+225 312234081
455,Jean,Bamba,jean.bamba455@outlook.com,Dakar,Sénégal,2024-07-01,+225 972171995
456,Awa,Assi,awa.assi456@outlook.com,Bouaké,CI,08/02/2024,+225 437678156
457,Moussa,N'Guessan,moussa.n'guessan457@yahoo.fr,Paris,France,2023-05-09,+225 660987158
458,Chantal,Beda,CHANTAL.BEDA458@OUTLOOK.COM,Paris,France,2023-01-07,+225 435021989
459,Koffi,Sangare,koffi.sangare459@outlook.com,Bamako,Mali,03/06/2023,+225 757324353
460,Adjoua,DIALLO,adjoua.diallo460@yahoo.fr,Dakar,Sénégal,07-24-2024,+225 798362534
461,Chantal,TOURE,chantal.toure461@outlook.com,Abidjan,Côte d'Ivoire,2024-12-23,
462,Paul,Kouame,paul.kouame462@yahoo.fr,Dakar,Sénégal,12/07/2024,+225 852975528
463,Marie,Diallo,marie.diallo463@outlook.com,Yamoussoukro,Côte d'Ivoire,05/06/2025,+225 768579500
464,Chantal,KOUAME,chantal.kouame464@outlook.com,Bouaké,CI,2025-03-23,
465,Adjoua,Sangare,adjoua.sangare465@outlook.com,Bouaké,CI,08/04/2024,+225 735625779
466,Moussa,Gbagbo,moussa.gbagbo466@yahoo.fr,Dakar,SN,2025-05-16,+225 680380464
467,Salimata,Adou,salimata.adou467@gmail.com,Bamako,Mali,2024-02-19,
468,Chantal,Kouame,chantal.kouame468@gmail.com,Paris,France,2025-02-19,+225 120269366
469,Salimata,Fofana,salimata.fofana469@yahoo.fr,Bouaké,CI,2024-04-01,
470,Ibrahim,Diallo,ibrahim.diallo470@gmail.com,Abidjan,Côte d'Ivoire,2024-10-21,+225 849607982
471,Ibrahim,Assi,ibrahim.assi471@gmail.com,Abidjan,cote d'ivoire,07/08/2024,+225 596537064
472,Mariam,Kone,mariam.kone472@outlook.com,Abidjan,Côte d'Ivoire,2024-08-11,
473,Chantal,Bamba,CHANTAL.BAMBA473@OUTLOOK.COM,Abidjan,Côte d'Ivoire,11/01/2024,+225 919652773
474,Moussa,YAO,moussa.yao474@yahoo.fr,Abidjan,cote d'ivoire,2025-06-05,
475,Moussa,FOFANA,moussa.fofana475@outlook.com,Lyon,FR,2023-05-19,+225 383932305
476,Paul,Soro,paul.soro476@gmail.com,Yamoussoukro,Côte d'Ivoire,10-22-2024,+225 977498517
477,Aminata,Bamba,aminata.bamba477@outlook.com,Abidjan,Côte d'Ivoire,2024-07-27,+225 410424130
478,Mariam,N'Guessan,MARIAM.N'GUESSAN478@OUTLOOK.COM,Lyon,FR,04-22-2023,+225 313685226
479,Awa,Traore,awa.traore479@yahoo.fr,Abidjan,cote d'ivoire,2024-04-02,+225 796692926
480,Marie,Kone,marie.kone480@yahoo.fr,Dakar,Sénégal,16/03/2024,+225 898698614
481,Aminata,GBAGBO,aminata.gbagbo481@outlook.com,Abidjan,cote d'ivoire,2025-02-12,
482,Marie,Beda,marie.beda482@yahoo.fr,Yamoussoukro,Côte d'Ivoire,02-23-2024,+225 398012527
483,Ibrahim,Traore,ibrahim.traore483@yahoo.fr,Lyon,FR,06/08/2023,+225 416662744
484,Awa,Ouattara,awa.ouattara484@outlook.com,Abidjan,cote d'ivoire,2024-12-15,
485,Yao,N'GUESSAN,yao.n'guessan485@yahoo.fr,Yamoussoukro,Côte d'Ivoire,2024-08-07,+225 129973527
486,Ibrahim,TRAORE,ibrahim.traore486@yahoo.fr,Dakar,Sénégal,2024-05-14,+225 582185380
487,Kouassi,Kone,kouassi.kone487@outlook.com,Bouaké,CI,2023-08-28,+225 950002627
488,Adjoua,Ouattara,adjoua.ouattara488@yahoo.fr,Dakar,SN,2025-01-10,+225 313327365
489,Mariam,Assi,mariam.assi489@outlook.com,Paris,France,2023-02-19,
490,Ibrahim,Diabate,ibrahim.diabate490@outlook.com,Paris,France,2023-12-02,+225 914382862
491,Koffi,Beda,koffi.beda491@outlook.com,Abidjan,Côte d'Ivoire,29/11/2023,+225 193840810
492,Paul,Diabate,PAUL.DIABATE492@YAHOO.FR,Paris,France,2024-08-30,+225 774193236
493,Chantal,Adou,chantal.adou493@gmail.com,Bamako,Mali,14/08/2024,+225 710731229
494,Eric,Diabate,eric.diabate494@outlook.com,Paris,France,2025-02-17,+225 776548831
495,Aminata,Sangare,AMINATA.SANGARE495@GMAIL.COM,Bamako,Mali,12-21-2023,+225 844363646
496,Paul,Coulibaly,paul.coulibaly496@yahoo.fr,Abidjan,cote d'ivoire,2023-02-14,+225 931108163
497,Didier,KONAN,DIDIER.KONAN497@GMAIL.COM,Paris,France,2023-04-02,+225 631028792
498,Paul,Fofana,paul.fofana498@gmail.com,Dakar,SN,11/02/2025,
499,Kouassi,Sangare,kouassi.sangare499@gmail.com,Lyon,FR,04/02/2024,+225 195654631
500,Chantal,SANGARE,chantal.sangare500@outlook.com,Yamoussoukro,Côte d'Ivoire,04-08-2024,+225 370955865
501,Fatou,TRAORE,fatou.traore305@yahoo.fr,Abidjan,cote d'ivoire,2024-04-08,
502,Nadia,BEDA,nadia.beda341@outlook.com,Bouaké,CI,2023-02-19,+225 165467806
503,Awa,Coulibaly,awa.coulibaly48@yahoo.fr,Dakar,SN,05-23-2024,+225 518150978
504,Serge,Diallo,serge.diallo68@yahoo.fr,Lyon,FR,2023-08-03,+225 371533058
505,Marie,Kone,marie.kone480@yahoo.fr,Dakar,Sénégal,16/03/2024,+225 898698614
506,Ibrahim,TRAORE,ibrahim.traore486@yahoo.fr,Dakar,Sénégal,2024-05-14,+225 582185380
507,Fatou,Doumbia,FATOU.DOUMBIA311@GMAIL.COM,Dakar,SN,2024-08-22,
508,Paul,YAO,paul.yao32@yahoo.fr,Yamoussoukro,Côte d'Ivoire,2024-07-20,+225 718750396
509,Aminata,Doumbia,aminata.doumbia250@outlook.com,Yamoussoukro,Côte d'Ivoire,14/05/2025,+225 854032766
510,Aminata,N'Guessan,aminata.n'guessan91@gmail.com,Abidjan,Côte d'Ivoire,10/01/2024,
